-- phpMyAdmin SQL Dump
-- version 4.8.5
-- https://www.phpmyadmin.net/
--
-- Host: 127.0.0.1
-- Waktu pembuatan: 28 Jun 2020 pada 11.17
-- Versi server: 10.1.38-MariaDB
-- Versi PHP: 7.3.3

SET SQL_MODE = "NO_AUTO_VALUE_ON_ZERO";
SET AUTOCOMMIT = 0;
START TRANSACTION;
SET time_zone = "+00:00";


/*!40101 SET @OLD_CHARACTER_SET_CLIENT=@@CHARACTER_SET_CLIENT */;
/*!40101 SET @OLD_CHARACTER_SET_RESULTS=@@CHARACTER_SET_RESULTS */;
/*!40101 SET @OLD_COLLATION_CONNECTION=@@COLLATION_CONNECTION */;
/*!40101 SET NAMES utf8mb4 */;

--
-- Database: `sekolah`
--

-- --------------------------------------------------------

--
-- Struktur dari tabel `tbl_agenda`
--

CREATE TABLE `tbl_agenda` (
  `agenda_id` int(11) NOT NULL,
  `agenda_nama` varchar(200) DEFAULT NULL,
  `agenda_tanggal` timestamp NULL DEFAULT CURRENT_TIMESTAMP,
  `agenda_deskripsi` text,
  `agenda_mulai` date DEFAULT NULL,
  `agenda_selesai` date DEFAULT NULL,
  `agenda_tempat` varchar(90) DEFAULT NULL,
  `agenda_waktu` varchar(30) DEFAULT NULL,
  `agenda_keterangan` varchar(200) DEFAULT NULL,
  `agenda_author` varchar(60) DEFAULT NULL
) ENGINE=InnoDB DEFAULT CHARSET=latin1;

--
-- Dumping data untuk tabel `tbl_agenda`
--

INSERT INTO `tbl_agenda` (`agenda_id`, `agenda_nama`, `agenda_tanggal`, `agenda_deskripsi`, `agenda_mulai`, `agenda_selesai`, `agenda_tempat`, `agenda_waktu`, `agenda_keterangan`, `agenda_author`) VALUES
(1, 'Penyembelihan Hewan Kurban Idul Adha 2017', '2017-01-22 06:18:01', 'Idul Adha yang biasa disebut lebaran haji atapun lebaran kurban sangat identik dengan penyembelihan hewan kurban. M-Sekolah tahun ini juga melakukan penyembelihan hewan kurban. Yang rencananya akan dihadiri oleh guru-guru, siswa dan pengurus OSIS.', '2017-01-22', '2017-01-22', 'M-Sekolah', '08.00 - 11.00 WIB', 'Dihadiri oleh guru-guru, siswa dan pengurus OSIS', 'M Fikri Setiadi'),
(2, 'Peluncuran Website Resmi M-Sekolah', '2017-01-22 06:26:33', 'Peluncuran website resmi  M-Sekolah, sebagai media informasi dan akademik online untuk pelayanan pendidikan yang lebih baik kepada siswa, orangtua, dan masyarakat pada umumnya semakin meningkat.', '2017-01-04', '2017-01-04', 'M-Sekolah', '07.30 - 12.00 WIB', '-', 'M Fikri Setiadi'),
(3, 'Penerimaan Raport Semester Ganjil Tahun Ajaran 2017-2018', '2017-01-22 06:29:49', 'Berakhirnya semester ganjil tahun pelajaran 2016-2017, ditandai dengan pembagian laporan hasil belajar.', '2017-02-17', '2017-02-17', 'M-Sekolah', '07.30 - 12.00 WIB', 'Untuk kelas XI dan XII, pembagian raport dimulai pukul 07.30 WIB. Sedangkan untuk kelas X pada pukul 09.00 WIB. Raport diambil oleh orang tua/wali murid masing-masing.', 'M Fikri Setiadi');

-- --------------------------------------------------------

--
-- Struktur dari tabel `tbl_album`
--

CREATE TABLE `tbl_album` (
  `album_id` int(11) NOT NULL,
  `album_nama` varchar(50) DEFAULT NULL,
  `album_tanggal` timestamp NULL DEFAULT CURRENT_TIMESTAMP,
  `album_pengguna_id` int(11) DEFAULT NULL,
  `album_author` varchar(60) DEFAULT NULL,
  `album_count` int(11) DEFAULT '0',
  `album_cover` varchar(40) DEFAULT NULL
) ENGINE=InnoDB DEFAULT CHARSET=latin1;

--
-- Dumping data untuk tabel `tbl_album`
--

INSERT INTO `tbl_album` (`album_id`, `album_nama`, `album_tanggal`, `album_pengguna_id`, `album_author`, `album_count`, `album_cover`) VALUES
(1, 'Kedatangan Tamu Asing', '2016-09-08 13:00:55', 1, 'M Fikri Setiadi', 5, '202aa754590dfc1070c624bad294abbc.jpg'),
(3, 'Pemilu Osis 2016-2017', '2017-01-21 01:58:16', 1, 'M Fikri Setiadi', 3, 'dc088a9fb62333012ff7a601828219d7.jpg'),
(4, 'Kegiatan Belajar Siswa', '2017-01-24 01:31:13', 1, 'M Fikri Setiadi', 7, '203bc0411a07ed0430d39bcc38ec2c56.jpg');

-- --------------------------------------------------------

--
-- Struktur dari tabel `tbl_files`
--

CREATE TABLE `tbl_files` (
  `file_id` int(11) NOT NULL,
  `file_judul` varchar(120) DEFAULT NULL,
  `file_deskripsi` text,
  `file_tanggal` timestamp NULL DEFAULT CURRENT_TIMESTAMP,
  `file_oleh` varchar(60) DEFAULT NULL,
  `file_download` int(11) DEFAULT '0',
  `file_data` varchar(120) DEFAULT NULL
) ENGINE=InnoDB DEFAULT CHARSET=latin1;

--
-- Dumping data untuk tabel `tbl_files`
--

INSERT INTO `tbl_files` (`file_id`, `file_judul`, `file_deskripsi`, `file_tanggal`, `file_oleh`, `file_download`, `file_data`) VALUES
(2, 'Materi Kelas 1', 'Modul dasar-dasar CSS 3. Modul ini membantu anda untuk memahami struktur dasar CSS', '2017-01-23 04:30:01', 'Drs. Joko', 0, 'ab9a183ff240deadbedaff78e639af2f.pdf'),
(3, 'Materi Kelas 2', 'Ebook 14 teknik komunikasi paling efektif membantu anda untuk berkomunikasi dengan baik dan benar', '2017-01-23 15:26:06', 'Drs. Joko', 0, 'ab2cb34682bd94f30f2347523112ffb9.pdf'),
(4, 'Materi Kelas 3', 'Ebook ini membantu anda membentuk pola pikir baru.', '2017-01-23 15:27:07', 'Drs. Joko', 0, '30f588eb5c55324f8d18213f11651855.pdf'),
(5, 'Materi Kelas 4', '7 Tips Penting mengatasi Kritik', '2017-01-23 15:27:44', 'Drs. Joko', 0, '329a62b25ad475a148e1546aa3db41de.docx'),
(6, 'Materi Kelas 5', '8 Racun dalam kehidupan kita', '2017-01-23 15:28:17', 'Drs. Joko', 0, '8e38ad4948ba13758683dea443fbe6be.docx'),
(7, 'Materi Kelas 6', 'Jurnal Teknolgi Informasi', '2017-01-25 03:18:53', 'Gunawan, S.Pd', 0, '87ae0f009714ddfdd79e2977b2a64632.pdf'),
(8, 'Materi Umum Agama', 'Jurnal Teknolgi Informasi', '2017-01-25 03:19:22', 'Gunawan, S.Pd', 0, 'c4e966ba2c6e142155082854dc5b3602.pdf'),
(9, 'Materi Umum Bahasa Inggris', 'Naskah Teknolgi Informasi', '2017-01-25 03:21:04', 'Gunawan, S.Pd', 0, '71380b3cf16a17a02382098c028ece9c.pdf'),
(10, 'Materi Umum Bahasa Jawa', 'Modul Teknologi Informasi', '2017-01-25 03:22:08', 'Gunawan, S.Pd', 0, '029143a3980232ab2900d94df36dbb0c.pdf'),
(11, 'Materi Umum Penjasorkes', 'Modul Teknologi Informasi', '2017-01-25 03:22:54', 'Gunawan, S.Pd', 0, 'ea8f3f732576083156e509657614f551.pdf'),
(12, 'Materi Umum SBK', 'Modul Teknologi Informasi', '2017-01-25 03:23:21', 'Gunawan, S.Pd', 0, 'c5e5e7d16e4cd6c3d22c11f64b0db2af.pdf');

-- --------------------------------------------------------

--
-- Struktur dari tabel `tbl_galeri`
--

CREATE TABLE `tbl_galeri` (
  `galeri_id` int(11) NOT NULL,
  `galeri_judul` varchar(60) DEFAULT NULL,
  `galeri_tanggal` timestamp NULL DEFAULT CURRENT_TIMESTAMP,
  `galeri_gambar` varchar(40) DEFAULT NULL,
  `galeri_author` varchar(50) NOT NULL
) ENGINE=InnoDB DEFAULT CHARSET=latin1;

--
-- Dumping data untuk tabel `tbl_galeri`
--

INSERT INTO `tbl_galeri` (`galeri_id`, `galeri_judul`, `galeri_tanggal`, `galeri_gambar`, `galeri_author`) VALUES
(4, 'Diskusi Pemilihan Ketua Osis', '2017-01-21 14:04:53', '1.jpg', ''),
(5, 'Panitia Pemilu Osis', '2017-01-22 04:13:20', '2.jpg', ''),
(6, 'Proses Pemilu Osis', '2017-01-22 04:13:43', '3.jpg', ''),
(7, 'Belajar dengan native speaker', '2017-01-24 01:26:22', '4.jpg', ''),
(8, 'Diskusi dengan native speaker', '2017-01-24 01:27:05', '5.jpg', ''),
(9, 'Foto bareng native speaker', '2017-01-24 01:27:28', '6.jpg', ''),
(10, 'Foto bareng native speaker', '2017-01-24 01:28:40', '7.jpg', ''),
(11, 'Foto bareng native speaker', '2017-01-24 01:28:54', '8.jpg', ''),
(12, 'Belajar sambil bermain', '2017-01-24 01:31:42', '9.jpg', ''),
(13, 'Belajar sambil bermain', '2017-01-24 01:31:55', '10.jpg', ''),
(14, 'Belajar komputer programming', '2017-01-24 01:32:24', '11.jpg', ''),
(15, 'Belajar komputer programming', '2017-01-24 01:32:34', '12.jpg', ''),
(16, 'Belajar komputer programming', '2017-01-24 01:32:44', '13.jpg', ''),
(17, 'Belajar sambil bermain', '2017-01-24 01:33:08', '14.jpg', ''),
(18, 'Makan bersama', '2017-01-24 01:33:24', '15.jpg', '');

-- --------------------------------------------------------

--
-- Struktur dari tabel `tbl_guru`
--

CREATE TABLE `tbl_guru` (
  `guru_id` int(11) NOT NULL,
  `guru_nip` varchar(30) DEFAULT NULL,
  `guru_nama` varchar(70) DEFAULT NULL,
  `guru_jenkel` varchar(10) DEFAULT NULL,
  `guru_tmp_lahir` varchar(80) DEFAULT NULL,
  `guru_tgl_lahir` varchar(80) DEFAULT NULL,
  `guru_mapel` varchar(120) DEFAULT NULL,
  `guru_photo` varchar(120) DEFAULT NULL
) ENGINE=InnoDB DEFAULT CHARSET=latin1;

--
-- Dumping data untuk tabel `tbl_guru`
--

INSERT INTO `tbl_guru` (`guru_id`, `guru_nip`, `guru_nama`, `guru_jenkel`, `guru_tmp_lahir`, `guru_tgl_lahir`, `guru_mapel`, `guru_photo`) VALUES
(1, '927482658274982', 'Ibnu Wicaksono', 'Laki-laki', 'Padang', '25 September 1993', 'Guru Kelas 6', '6.jpg'),
(2, '927482658274981', 'Sisno', 'Laki-laki', 'Germany', '25 September 1989', 'Guru Kelas 5', '5.jpg'),
(3, '-', 'Maksum', 'Laki-laki', 'Jakarta', '25 September 1989', 'Guru Agama', 'ag.jpg'),
(4, '-', 'Siti Aisyah', 'Laki-laki', 'Jakarta', '25 September 1989', 'Guru Kelas 1', '1.jpg'),
(5, '-', 'Yuliani Ningsih', 'Perempuan', 'Padang', '27 September 1993', 'Guru Kelas 2', '2.jpg'),
(6, '927482658274993', 'Markaban', 'Laki-laki', 'Padang', '25 September 1993', 'Guru Olahraga', 'og.jpg'),
(7, '927482658274998', 'Sri Sumarni', 'Perempuan', 'Padang', '25 September 1993', 'Kepala Sekolah', 'Kepsek.jpg'),
(8, '123', 'Mualim', 'Perempuan', 'Padang', '2020-06-01', 'Guru Kelas 4 ', '4.jpg');

-- --------------------------------------------------------

--
-- Struktur dari tabel `tbl_kelas`
--

CREATE TABLE `tbl_kelas` (
  `kelas_id` int(11) NOT NULL,
  `kelas_nama` varchar(40) DEFAULT NULL,
  `kelas_jumlah_siswa` int(50) NOT NULL
) ENGINE=InnoDB DEFAULT CHARSET=latin1;

--
-- Dumping data untuk tabel `tbl_kelas`
--

INSERT INTO `tbl_kelas` (`kelas_id`, `kelas_nama`, `kelas_jumlah_siswa`) VALUES
(11, 'Kelas 1', 29),
(21, 'Kelas 2 ', 29),
(31, 'Kelas 3 ', 28),
(41, 'Kelas 4 ', 34),
(51, 'Kelas 5 ', 30),
(61, 'Kelas 6 ', 27);

-- --------------------------------------------------------

--
-- Struktur dari tabel `tbl_komentar`
--

CREATE TABLE `tbl_komentar` (
  `komentar_id` int(11) NOT NULL,
  `komentar_nama` varchar(30) DEFAULT NULL,
  `komentar_email` varchar(50) DEFAULT NULL,
  `komentar_isi` varchar(120) DEFAULT NULL,
  `komentar_tanggal` timestamp NULL DEFAULT CURRENT_TIMESTAMP,
  `komentar_status` varchar(2) DEFAULT NULL,
  `komentar_tulisan_id` int(11) DEFAULT NULL
) ENGINE=InnoDB DEFAULT CHARSET=latin1;

-- --------------------------------------------------------

--
-- Struktur dari tabel `tbl_pengguna`
--

CREATE TABLE `tbl_pengguna` (
  `pengguna_id` int(11) NOT NULL,
  `pengguna_nama` varchar(50) DEFAULT NULL,
  `pengguna_username` varchar(30) DEFAULT NULL,
  `pengguna_password` varchar(35) DEFAULT NULL,
  `pengguna_nohp` varchar(20) DEFAULT NULL,
  `pengguna_level` varchar(10) DEFAULT NULL,
  `pengguna_photo` varchar(40) DEFAULT NULL
) ENGINE=InnoDB DEFAULT CHARSET=latin1;

--
-- Dumping data untuk tabel `tbl_pengguna`
--

INSERT INTO `tbl_pengguna` (`pengguna_id`, `pengguna_nama`, `pengguna_username`, `pengguna_password`, `pengguna_nohp`, `pengguna_level`, `pengguna_photo`) VALUES
(43, 'ino', 'ino', '123', '123', 'Admin', NULL);

-- --------------------------------------------------------

--
-- Struktur dari tabel `tbl_pengumuman`
--

CREATE TABLE `tbl_pengumuman` (
  `pengumuman_id` int(11) NOT NULL,
  `pengumuman_judul` varchar(150) DEFAULT NULL,
  `pengumuman_deskripsi` text,
  `pengumuman_tanggal` timestamp NULL DEFAULT CURRENT_TIMESTAMP,
  `pengumuman_author` varchar(60) DEFAULT NULL
) ENGINE=InnoDB DEFAULT CHARSET=latin1;

--
-- Dumping data untuk tabel `tbl_pengumuman`
--

INSERT INTO `tbl_pengumuman` (`pengumuman_id`, `pengumuman_judul`, `pengumuman_deskripsi`, `pengumuman_tanggal`, `pengumuman_author`) VALUES
(1, 'Pengumuman Libur Semester Ganjil Tahun Ajaran 2016-2017', 'Libur semester ganjil tahun ajaran 2016-2017 dimulai dari tanggal 3 Maret 2017 sampai dengan tanggal 7 Maret 207.', '2017-01-21 01:17:30', 'M Fikri Setiadi'),
(2, 'Pengumuman Pembagian Raport Semester Ganjil Tahun Ajaran 2016-2017', 'Menjelang berakhirnya proses belajar-mengajar di semester ganjil tahun ajaran 2016-2017, maka akan diadakan pembagian hasil belajar/raport pada tanggal 4 Maret 2017 pukul 07.30 WIB.\r\nYang bertempat di M-Sekolah. Raport diambil oleh orang tua/wali kelas murid masing-masing', '2017-01-21 01:16:20', 'M Fikri Setiadi'),
(3, 'Pengumuman Peresmian dan Launching Website Perdana M-Sekolah', 'Peresmian dan launching website resmi M-Sekolah akan diadakan pada hari 23 Desember 2016 pukul 10.00, bertepatan dengan pembagian raport semester ganjil tahun ajaran 2016-2017', '2017-01-22 07:16:16', 'M Fikri Setiadi'),
(4, 'Pengumuman Proses Belajar Mengajar di Semester Genap Tahun Ajaran 2016-2017', 'Setelah libur semester ganjil tahun ajaran 2016-2017, proses belajar mengajar di semester genap tahun ajaran 2016-2017 mulai aktif kembali tanggal 2 Maret 2017.', '2017-01-22 07:15:28', 'M Fikri Setiadi');

-- --------------------------------------------------------

--
-- Struktur dari tabel `tbl_siswa`
--

CREATE TABLE `tbl_siswa` (
  `siswa_id` int(11) NOT NULL,
  `siswa_nis` varchar(20) DEFAULT NULL,
  `siswa_nama` varchar(70) DEFAULT NULL,
  `siswa_jenkel` varchar(10) DEFAULT NULL,
  `siswa_kelas_id` int(11) DEFAULT NULL,
  `siswa_photo` varchar(40) DEFAULT NULL
) ENGINE=InnoDB DEFAULT CHARSET=latin1;

--
-- Dumping data untuk tabel `tbl_siswa`
--

INSERT INTO `tbl_siswa` (`siswa_id`, `siswa_nis`, `siswa_nama`, `siswa_jenkel`, `siswa_kelas_id`, `siswa_photo`) VALUES
(1, '9287482', 'Alvaro Sanchez', 'Laki-laki', 21, 'default.png'),
(2, '9287483', 'Ririn Cantika', 'Perempuan', 21, 'default.png'),
(4, '123083', 'Ari Hidayat', 'Laki-laki', 11, 'default.png'),
(5, '123084', 'Irma Chaiyo', 'Perempuan', 11, 'default.png'),
(6, '123085', 'Nadila Ginting', 'Perempuan', 11, 'default.png'),
(7, '123086', 'Anna Marina', 'Perempuan', 11, 'default.png'),
(8, '123086', 'Dhea Lubis', 'Perempuan', 11, 'default.png'),
(9, '123087', 'Nadia Ginting', 'Perempuan', 11, 'default.png'),
(10, '123088', 'Mita Febrina', 'Perempuan', 11, 'default.png'),
(11, '123089', 'Elizabeth ', 'Perempuan', 11, 'default.png'),
(12, '123090', 'Della Guswono', 'Perempuan', 11, 'default.png');

--
-- Indexes for dumped tables
--

--
-- Indeks untuk tabel `tbl_agenda`
--
ALTER TABLE `tbl_agenda`
  ADD PRIMARY KEY (`agenda_id`);

--
-- Indeks untuk tabel `tbl_album`
--
ALTER TABLE `tbl_album`
  ADD PRIMARY KEY (`album_id`),
  ADD KEY `album_pengguna_id` (`album_pengguna_id`);

--
-- Indeks untuk tabel `tbl_files`
--
ALTER TABLE `tbl_files`
  ADD PRIMARY KEY (`file_id`);

--
-- Indeks untuk tabel `tbl_galeri`
--
ALTER TABLE `tbl_galeri`
  ADD PRIMARY KEY (`galeri_id`);

--
-- Indeks untuk tabel `tbl_guru`
--
ALTER TABLE `tbl_guru`
  ADD PRIMARY KEY (`guru_id`);

--
-- Indeks untuk tabel `tbl_kelas`
--
ALTER TABLE `tbl_kelas`
  ADD PRIMARY KEY (`kelas_id`);

--
-- Indeks untuk tabel `tbl_komentar`
--
ALTER TABLE `tbl_komentar`
  ADD PRIMARY KEY (`komentar_id`),
  ADD KEY `komentar_tulisan_id` (`komentar_tulisan_id`);

--
-- Indeks untuk tabel `tbl_pengguna`
--
ALTER TABLE `tbl_pengguna`
  ADD PRIMARY KEY (`pengguna_id`);

--
-- Indeks untuk tabel `tbl_pengumuman`
--
ALTER TABLE `tbl_pengumuman`
  ADD PRIMARY KEY (`pengumuman_id`);

--
-- Indeks untuk tabel `tbl_siswa`
--
ALTER TABLE `tbl_siswa`
  ADD PRIMARY KEY (`siswa_id`);

--
-- AUTO_INCREMENT untuk tabel yang dibuang
--

--
-- AUTO_INCREMENT untuk tabel `tbl_agenda`
--
ALTER TABLE `tbl_agenda`
  MODIFY `agenda_id` int(11) NOT NULL AUTO_INCREMENT, AUTO_INCREMENT=4;

--
-- AUTO_INCREMENT untuk tabel `tbl_album`
--
ALTER TABLE `tbl_album`
  MODIFY `album_id` int(11) NOT NULL AUTO_INCREMENT, AUTO_INCREMENT=5;

--
-- AUTO_INCREMENT untuk tabel `tbl_files`
--
ALTER TABLE `tbl_files`
  MODIFY `file_id` int(11) NOT NULL AUTO_INCREMENT, AUTO_INCREMENT=13;

--
-- AUTO_INCREMENT untuk tabel `tbl_galeri`
--
ALTER TABLE `tbl_galeri`
  MODIFY `galeri_id` int(11) NOT NULL AUTO_INCREMENT, AUTO_INCREMENT=19;

--
-- AUTO_INCREMENT untuk tabel `tbl_guru`
--
ALTER TABLE `tbl_guru`
  MODIFY `guru_id` int(11) NOT NULL AUTO_INCREMENT, AUTO_INCREMENT=9;

--
-- AUTO_INCREMENT untuk tabel `tbl_komentar`
--
ALTER TABLE `tbl_komentar`
  MODIFY `komentar_id` int(11) NOT NULL AUTO_INCREMENT;

--
-- AUTO_INCREMENT untuk tabel `tbl_pengguna`
--
ALTER TABLE `tbl_pengguna`
  MODIFY `pengguna_id` int(11) NOT NULL AUTO_INCREMENT, AUTO_INCREMENT=44;

--
-- AUTO_INCREMENT untuk tabel `tbl_pengumuman`
--
ALTER TABLE `tbl_pengumuman`
  MODIFY `pengumuman_id` int(11) NOT NULL AUTO_INCREMENT, AUTO_INCREMENT=5;

--
-- AUTO_INCREMENT untuk tabel `tbl_siswa`
--
ALTER TABLE `tbl_siswa`
  MODIFY `siswa_id` int(11) NOT NULL AUTO_INCREMENT, AUTO_INCREMENT=13;
COMMIT;

/*!40101 SET CHARACTER_SET_CLIENT=@OLD_CHARACTER_SET_CLIENT */;
/*!40101 SET CHARACTER_SET_RESULTS=@OLD_CHARACTER_SET_RESULTS */;
/*!40101 SET COLLATION_CONNECTION=@OLD_COLLATION_CONNECTION */;
